,Row_ID,Host_Name,Planet_Name,Number_of_Planets_in_System,Orbital_Period_days,Semi_Major_Axis_AU,Planet_Radius_jupiter_Radii,Distance_to_Star_pc,Effective_temperature_K,Stellar_Mass_solar_Mass,st_sp,st_spstr,Semi_Major_Axis_km,Semi_Major_Axis_m,Stellar_Mass_kg,Orbital_Velocity_ms,Orbital_Velocity_proportional,Semi_Major_Axis_proportional,Planet_Radius_km,Planet_Radius_Earth_Radii,Distance_to_Star_ly,minimum_Travel_Time_yr
28,29,55 Cnc,55 Cnc e,5,0.736539,0.01544,0.17,12.53,5196.0,0.91,4.8,G8 V,2309824.0,2309824000.0,1.80999e+30,228618.5994729315,22.86185994729315,23.09824,12153.640000000001,1.9076502903782768,40.84779999999999,3995522.0394125353
64,65,CoRoT-10,CoRoT-10 b,1,13.2406,0.1055,0.97,345.0,5075.0,0.89,5.1,K1 V,15782800.0,15782800000.0,1.77021e+30,86493.46293035954,8.649346293035954,157.828,69347.24,10.88482812745252,1124.6999999999998,110012378.5791959
65,66,CoRoT-11,CoRoT-11 b,1,2.9943299999999997,0.0436,1.43,560.0,6440.0,1.27,3.6,F6 V,6522560.0,6522560000.0,2.52603e+30,160721.1856614855,16.07211856614855,65.2256,102233.56,16.04670538377021,1825.6,178570817.40391222
67,68,CoRoT-13,CoRoT-13 b,1,4.03519,0.051,0.885,1060.0,5945.0,1.09,4.0,G0 V,7629599.999999999,7629599999.999999,2.16801e+30,137671.06519713346,13.767106519713346,76.29599999999999,63270.42,9.931002982263381,3455.6,338009047.22883385
68,69,CoRoT-14,CoRoT-14 b,1,1.51214,0.027000000000000003,1.09,1340.0,6035.0,1.13,3.9,F9 V,4039200.0000000005,4039200000.0000005,2.2475699999999998e+30,192651.25895191435,19.265125895191435,40.392,77926.28,12.231404803013655,4368.4,427294455.93078995
69,70,CoRoT-16,CoRoT-16 b,1,5.35227,0.0618,1.17,840.0,5650.0,1.1,4.5,G5 V,9245280.0,9245280000.0,2.1879e+30,125636.72782526922,12.563672782526922,92.4528,83645.64,13.12912258672108,2738.3999999999996,267856226.10586828
70,71,CoRoT-17,CoRoT-17 b,1,3.7681,0.0461,1.02,920.0,5740.0,1.04,4.2,G2 V,6896560.0,6896560000.0,2.06856e+30,141442.75885578294,14.144275885578294,68.9656,72921.84,11.445901742269658,2999.2,293366342.8778558
71,72,CoRoT-18,CoRoT-18 b,1,1.9000693,0.0295,1.31,870.0,5440.0,0.95,4.9,G9 V,4413200.0,4413200000.0,1.8895499999999999e+30,168991.67337553037,16.89916733755304,44.132,93654.52,14.700128708209073,2836.2,277422519.8953636
72,73,CoRoT-19,CoRoT-19 b,1,3.89713,0.0518,1.29,770.0,6090.0,1.21,3.9,F9 V,7749280.0,7749280000.0,2.4066899999999998e+30,143927.01456375563,14.392701456375562,77.4928,92224.68000000001,14.475699262282218,2510.2,245534873.93037933
76,77,CoRoT-22,CoRoT-22 b,1,9.755980000000001,0.092,0.435,592.0,5939.0,1.1,4.3,G3 V,13763200.0,13763200000.0,2.1879e+30,102971.47663309486,10.297147663309486,137.632,31099.02,4.8813404489091194,1929.9199999999998,188774864.11270723
77,78,CoRoT-23,CoRoT-23 b,1,3.6313,0.048,1.05,600.0,5900.0,1.14,4.0,G0 V,7180800.0,7180800000.0,2.2674599999999998e+30,145126.36539174465,14.512636539174466,71.808,75066.6,11.782545911159945,1955.9999999999998,191325875.7899059
78,79,CoRoT-24,CoRoT-24 b,2,5.1134,0.055999999999999994,0.33,600.0,4950.0,0.91,5.1,K1 V,8377599.999999999,8377599999.999999,1.80999e+30,120044.20350626908,12.004420350626908,83.776,23592.36,3.703085857793125,1955.9999999999998,191325875.7899059
79,80,CoRoT-24,CoRoT-24 c,2,11.759,0.098,0.44,600.0,4950.0,0.91,5.1,K1 V,14660800.0,14660800000.0,1.80999e+30,90744.88823211884,9.074488823211885,146.608,31456.48,4.937447810390833,1955.9999999999998,191325875.7899059
80,81,CoRoT-25,CoRoT-25 b,1,4.86069,0.0578,1.08,1000.0,6040.0,1.09,3.9,F9,8646880.0,8646880000.0,2.16801e+30,129319.44780901844,12.931944780901844,86.4688,77211.36,12.119190080050227,3260.0,318876459.6498433
81,82,CoRoT-26,CoRoT-26 b,1,4.20474,0.0526,1.26,1670.0,5590.0,1.09,4.5,G5,7868960.0,7868960000.0,2.16801e+30,135561.038951885,13.556103895188501,78.6896,90079.92,14.139055093391931,5444.2,532523687.6152382
83,84,CoRoT-28,CoRoT-28 b,1,5.2085099999999995,0.0603,0.955,560.0,5150.0,1.01,4.85,G8/9 IV,9020880.0,9020880000.0,2.00889e+30,121875.53708610738,12.187553708610738,90.2088,68274.86,10.716506043007378,1825.6,178570817.40391222
84,85,CoRoT-29,CoRoT-29 b,1,2.8505700000000003,0.0386,0.9,765.0,5260.0,0.97,5.0,K0 V,5774560.0,5774560000.0,1.92933e+30,149281.75308473193,14.928175308473193,57.7456,64342.8,10.099325066708523,2493.8999999999996,243940491.63213006
91,92,CoRoT-8,CoRoT-8 b,1,6.21229,0.063,0.57,380.0,5080.0,0.88,5.1,K1 V,9424800.0,9424800000.0,1.75032e+30,111297.5420085406,11.129754200854059,94.248,40750.439999999995,6.396239208915397,1238.8,121173054.66694045
92,93,CoRoT-9,CoRoT-9 b,1,95.27265600000001,0.4021,1.0659999999999998,460.0,5625.0,0.96,4.3,G3 V,60154160.0,60154160000.0,1.90944e+30,46013.269321249136,4.6013269321249135,601.5416,76210.472,11.962089467901427,1499.6,146683171.4389279
98,99,EPIC 211945201,EPIC 211945201 b,1,19.49213,0.14800000000000002,0.546,182.6,6025.0,1.18,4.0,G0,22140800.000000004,22140800000.000004,2.3470199999999998e+30,84086.18669919448,8.408618669919449,221.40800000000004,39034.632000000005,6.126923873803172,595.276,58226841.53206138
107,108,GJ 1214,GJ 1214 b,1,1.58040456,0.01411,0.254,12.95,3026.0,0.15,6.45,M4.5,2110856.0,2110856000.0,2.9834999999999998e+29,97094.94820641144,9.709494820641144,21.10856,18158.968,2.850253963271072,42.21699999999999,4129450.1524654697
127,128,GJ 3470,GJ 3470 b,1,3.3366487,0.031,0.34600000000000003,25.2,3652.0,0.51,6.15,M1.5,4637600.0,4637600000.0,1.01439e+30,120786.59897798522,12.078659897798522,46.376,24736.232000000004,3.8826294145346103,82.15199999999999,8035686.783176049
160,161,GJ 9827,GJ 9827 b,3,1.2089802,0.01888,0.145,30.32,4269.0,0.61,5.5,K5 V,2824448.0,2824448000.0,1.2132899999999999e+30,169269.39200721748,16.926939200721748,28.24448,10366.34,1.6271134829697065,98.8432,9668334.256583247
161,162,GJ 9827,GJ 9827 c,3,3.648083,0.03942,0.113,30.32,4269.0,0.61,5.5,K5 V,5897231.999999999,5897231999.999999,1.2132899999999999e+30,117144.28859467646,11.714428859467645,58.97231999999999,8078.5960000000005,1.2680263694867369,98.8432,9668334.256583247
162,163,GJ 9827,GJ 9827 d,3,6.201467,0.05615,0.185,30.32,4269.0,0.61,5.5,K5 V,8400040.0,8400040000.0,1.2132899999999999e+30,98153.2194107404,9.81532194107404,84.0004,13226.02,2.0759723748234187,98.8432,9668334.256583247
166,167,HAT-P-1,HAT-P-1 b,1,4.46529976,0.05561,1.319,139.0,5980.0,1.15,4.0,G0 V,8319256.0,8319256000.0,2.2873499999999998e+30,135421.3018175405,13.542130181754048,83.19256,94297.94799999999,14.801121958876156,453.14,44323827.891328216
167,168,HAT-P-11,HAT-P-11 b,2,4.88780244,0.052539999999999996,0.389,37.81,4780.0,0.81,5.4,K4,7859983.999999999,7859983999.999999,1.61109e+30,116926.24072233331,11.69262407223333,78.59983999999999,27810.388000000003,4.365152723277351,123.2606,12056718.939360574
169,170,HAT-P-12,HAT-P-12 b,1,3.2130598,0.0384,0.9590000000000001,142.5,4650.0,0.73,5.4,K4,5744639.999999999,5744639999.999999,1.45197e+30,129840.5449637257,12.98405449637257,57.44639999999999,68560.82800000001,10.76139193219275,464.54999999999995,45439895.500102654
174,175,HAT-P-16,HAT-P-16 b,1,2.77596,0.0413,1.2890000000000001,235.0,6158.0,1.22,3.8,F8,6178480.000000001,6178480000.000001,2.4265799999999998e+30,161852.4960093319,16.18524960093319,61.78480000000001,92153.18800000001,14.464477789985875,766.0999999999999,74935968.01771314
177,178,HAT-P-18,HAT-P-18 b,1,5.508023000000001,0.0559,0.995,166.0,4803.0,0.77,5.2,K2,8362640.0,8362640000.0,1.53153e+30,110523.33227307339,11.05233322730734,83.6264,71134.54,11.165364934861088,541.16,52933492.30187398
178,179,HAT-P-19,HAT-P-19 b,1,4.0087779999999995,0.0466,1.1320000000000001,215.0,4990.0,0.84,5.1,K1,6971360.0,6971360000.0,1.6707599999999997e+30,126433.21934661937,12.643321934661937,69.7136,80928.944,12.702706639460054,700.9,68558438.8247163
180,181,HAT-P-20,HAT-P-20 b,1,2.875317,0.0361,0.867,70.0,4595.0,0.76,5.3,K3,5400560.0,5400560000.0,1.51164e+30,136636.8077235427,13.66368077235427,54.0056,61983.564,9.72901648092921,228.2,22321352.175489027
185,186,HAT-P-25,HAT-P-25 b,1,3.652836,0.0466,1.19,297.0,5500.0,1.01,4.5,G5,6971360.0,6971360000.0,2.00889e+30,138637.98586131862,13.863798586131862,69.7136,85075.48,13.353552032647935,968.2199999999999,94706308.51600344
187,188,HAT-P-27,HAT-P-27 b,1,3.039577,0.04,1.02,204.0,5300.0,0.94,4.8,G8,5984000.0,5984000000.0,1.8696599999999998e+30,144360.52170615317,14.436052170615318,59.84,72921.84,11.445901742269658,665.04,65050797.76856803
188,189,HAT-P-28,HAT-P-28 b,1,3.257215,0.0434,1.212,395.0,5680.0,1.02,4.3,G3,6492640.0,6492640000.0,2.02878e+30,144367.59872268836,14.436759872268835,64.9264,86648.304,13.600424423167478,1287.6999999999998,125956201.56168807
221,222,HAT-P-65,HAT-P-65 b,1,2.6054552,0.03951,1.89,841.0,5835.0,1.21,4.2,G2,5910696.000000001,5910696000.000001,2.4066899999999998e+30,164798.66227866738,16.47986622786674,59.10696000000001,135119.88,21.2085826400879,2741.66,268175102.56551817
222,223,HAT-P-66,HAT-P-66 b,1,2.972086,0.04363,1.59,927.0,6002.0,1.25,4.0,G0,6527048.0,6527048000.0,2.48625e+30,159395.81394666326,15.939581394666325,65.27048,113672.28,17.84214095118506,3022.02,295598478.0954047
233,234,HATS-15,HATS-15 b,1,1.74748753,0.02712,1.105,689.0,5311.0,0.87,4.9,G9 V,4057151.9999999995,4057151999.9999995,1.7304299999999998e+30,168666.6796179814,16.86666796179814,40.57151999999999,78998.66,12.399726887458797,2246.14,219705880.698742
234,235,HATS-16,HATS-16 b,1,2.686502,0.03744,1.3,774.0,5738.0,0.97,4.3,G3 V,5601024.0,5601024000.0,1.92933e+30,151576.70387988686,15.157670387988686,56.01024,92939.6,14.587913985245645,2523.24,246810379.76897866
235,236,HATS-17,HATS-17 b,1,16.254610999999997,0.1308,0.777,339.0,5846.0,1.13,4.0,G V,19567680.0,19567680000.0,2.2475699999999998e+30,87528.57569847214,8.752857569847214,195.6768,55549.284,8.719083974258359,1105.1399999999999,108099119.82129686
236,237,HATS-18,HATS-18 b,1,0.8378434000000001,0.01761,1.337,645.0,5600.0,1.04,4.0,G V,2634456.0,2634456000.0,2.06856e+30,228850.30913801756,22.885030913801756,26.34456,95584.804,15.00310846021033,2102.7,205675316.4741489
237,238,HATS-2,HATS-2 b,1,1.354133,0.023,1.168,360.0,5227.0,0.88,5.0,K,3440800.0,3440800000.0,1.75032e+30,184200.97719610503,18.420097719610503,34.408,83502.65599999999,13.106679642128393,1173.6,114795525.47394356
238,239,HATS-22,HATS-22 b,1,4.7228124000000005,0.05025,0.953,207.9,4803.0,0.76,5.0,K V,7517400.0,7517400000.0,1.51164e+30,115811.92351490638,11.581192351490637,75.174,68131.876,10.694063098414691,677.754,66294415.96120241
239,240,HATS-23,HATS-23 b,1,2.1605156,0.03397,1.86,747.0,5780.0,1.12,4.0,G V,5081912.0,5081912000.0,2.22768e+30,170991.9833100479,17.09919833100479,50.81912,132975.12,20.871938471197613,2435.22,238200715.35843295
240,241,HATS-24,HATS-24 b,1,1.3484954,0.02547,1.4869999999999999,510.0,6346.0,1.21,3.0,F V,3810312.0,3810312000.0,2.4066899999999998e+30,205254.5175169861,20.525451751698608,38.10312,106308.60399999999,16.686329304661747,1662.6,162626994.42142007
241,242,HATS-25,HATS-25 b,1,4.2986432,0.051629999999999995,1.26,466.0,5715.0,0.99,4.0,G,7723847.999999999,7723847999.999999,1.96911e+30,130401.0374330887,13.04010374330887,77.23848,90079.92,14.139055093391931,1519.1599999999999,148596430.19682693
242,243,HATS-26,HATS-26 b,1,3.3023881,0.04735,1.75,907.0,6071.0,1.3,3.0,F,7083560.000000001,7083560000.000001,2.5857e+30,156036.49856221373,15.603649856221374,70.83560000000001,125111.0,19.637576518599907,2956.8199999999997,289220948.90240777
243,244,HATS-27,HATS-27 b,1,4.6370379999999995,0.0611,1.5,840.0,6438.0,1.42,3.0,F,9140560.0,9140560000.0,2.82438e+30,143561.53022095104,14.356153022095103,91.4056,107238.0,16.832208444514205,2738.3999999999996,267856226.10586828
244,245,HATS-28,HATS-28 b,1,3.1810781,0.04131,1.194,521.0,5498.0,0.93,4.0,G,6179976.0,6179976000.0,1.84977e+30,141295.5188540924,14.12955188540924,61.79976,85361.44799999999,13.398437921833306,1698.4599999999998,166134635.47756833
245,246,HATS-29,HATS-29 b,1,4.605874900000001,0.05475,1.251,351.0,5670.0,1.03,4.0,G,8190600.0,8190600000.0,2.04867e+30,129163.8740174011,12.91638740174011,81.906,89436.492,14.038061842724847,1144.26,111925637.33709499
247,248,HATS-30,HATS-30 b,1,3.1743516,0.043539999999999995,1.175,339.0,5943.0,1.09,4.0,G,6513583.999999999,6513583999.999999,2.16801e+30,148999.0667981201,14.899906679812009,65.13583999999999,84003.1,13.185229948202794,1105.1399999999999,108099119.82129686
253,254,HATS-36,HATS-36 b,1,4.1752387,0.05425,1.235,962.0,6149.0,1.22,4.0,G0 V,8115800.0,8115800000.0,2.4265799999999998e+30,141219.46303777915,14.121946303777914,81.158,88292.62000000001,13.858518285983363,3136.12,306759154.1831492
255,256,HATS-4,HATS-4 b,1,2.516729,0.0362,1.02,420.0,5403.0,1.0,4.0,G,5415520.0,5415520000.0,1.989e+30,156516.53560127382,15.651653560127382,54.1552,72921.84,11.445901742269658,1369.1999999999998,133928113.05293414
263,264,HATS-5,HATS-5 b,1,4.763387000000001,0.0542,0.912,257.0,5304.0,0.94,4.0,G,8108320.0,8108320000.0,1.8696599999999998e+30,124016.30718648154,12.401630718648155,81.0832,65200.704000000005,10.233982734264638,837.8199999999999,81951250.1300097
268,269,HATS-6,HATS-6 b,1,3.3252725,0.03623,0.998,148.4,3724.0,0.57,6.1,M1 V,5420008.0,5420008000.0,1.1337299999999999e+30,118118.45904047089,11.81184590404709,54.20008,71349.016,11.199029351750118,483.784,47321266.612036735
269,270,HATS-7,HATS-7 b,1,3.185315,0.040119999999999996,0.563,257.0,4985.0,0.85,5.2,K2,6001951.999999999,6001951999.999999,1.6906499999999997e+30,137070.34707122092,13.707034707122093,60.01951999999999,40249.996,6.317688902840998,837.8199999999999,81951250.1300097
296,297,HD 106315,HD 106315 b,2,9.55804,0.0905,0.207,109.7,6277.0,1.08,3.5,F5 V,13538800.0,13538800000.0,2.14812e+30,102873.16460565368,10.287316460565368,135.388,14798.844,2.32284476534296,357.622,34980747.6235878
297,298,HD 106315,HD 106315 c,2,21.057879999999997,0.1533,0.385,109.7,6277.0,1.08,3.5,F5 V,22933680.0,22933680000.0,2.14812e+30,79041.52523364754,7.904152523364754,229.3368,27524.420000000002,4.32026683409198,357.622,34980747.6235878
536,537,HD 219134,HD 219134 b,6,3.092926,0.03876,0.14300000000000002,6.55,4699.0,0.81,5.3,K3 V,5798496.0,5798496000.0,1.61109e+30,136133.53968673045,13.613353968673046,57.98496,10223.356000000002,1.6046705383770212,21.352999999999998,2088640.8107064732
537,538,HD 219134,HD 219134 c,6,6.7645800000000005,0.0653,0.135,6.55,4699.0,0.81,5.3,K3 V,9768880.0,9768880000.0,1.61109e+30,104881.8720569751,10.48818720569751,97.6888,9651.42,1.5148987600062784,21.352999999999998,2088640.8107064732
538,539,HD 219134,HD 219134 d,6,46.858999999999995,0.237,0.14400000000000002,6.55,4699.0,0.81,5.3,K3 V,35455200.0,35455200000.0,1.61109e+30,55053.23556054354,5.505323556054353,354.552,10294.848000000002,1.6158920106733639,21.352999999999998,2088640.8107064732
539,540,HD 219134,HD 219134 f,6,22.717,0.1463,0.11699999999999999,6.55,4699.0,0.81,5.3,K3 V,21886480.000000004,21886480000.000004,1.61109e+30,70070.44218200837,7.007044218200837,218.86480000000003,8364.564,1.312912258672108,21.352999999999998,2088640.8107064732
589,590,HD 3167,HD 3167 b,3,0.959641,0.01815,0.152,45.8,5261.0,0.86,5.0,K0 V,2715240.0,2715240000.0,1.7105399999999998e+30,204986.5766802387,20.49865766802387,27.1524,10866.784,1.705663789044106,149.308,14604541.851962822
590,591,HD 3167,HD 3167 c,3,29.8454,0.1795,0.26899999999999996,45.8,5261.0,0.86,5.0,K0 V,26853200.0,26853200000.0,1.7105399999999998e+30,65182.57468482213,6.518257468482213,268.532,19231.347999999998,3.018576047716214,149.308,14604541.851962822
723,724,HD 89345,HD 89345 b,1,11.813989999999999,0.105,0.612,126.74,5499.0,1.12,4.5,G5,15708000.0,15708000000.0,2.22768e+30,97258.79254480146,9.725879254480146,157.08,43753.104,6.867541045361795,413.1724,40414402.49602114
802,803,K2-117,K2-117 b,2,1.291505,0.019,0.175,100.0,3842.12,0.58,6.1,M1.0 V,2842400.0,2842400000.0,1.1536199999999999e+30,164532.5043147297,16.45325043147297,28.424,12511.099999999999,1.9637576518599904,326.0,31887645.964984328
803,804,K2-117,K2-117 c,2,5.44482,0.051,0.18100000000000002,100.0,3842.12,0.58,6.1,M1.0 V,7629599.999999999,7629599999.999999,1.1536199999999999e+30,100425.36537496484,10.042536537496483,76.29599999999999,12940.052000000001,2.0310864856380477,326.0,31887645.964984328
828,829,K2-138,K2-138 b,5,2.35322,0.0338,0.14,183.0,5378.0,0.93,5.1,K1 V,5056479.999999999,5056479999.999999,1.84977e+30,156205.97281812225,15.620597281812225,50.56479999999999,10008.880000000001,1.5710061214879927,596.5799999999999,58354392.1159213
829,830,K2-138,K2-138 c,5,3.5598699999999996,0.044539999999999996,0.225,183.0,5378.0,0.93,5.1,K1 V,6663183.999999999,6663183999.999999,1.84977e+30,136075.79481045832,13.607579481045832,66.63184,16085.7,2.524831266677131,596.5799999999999,58354392.1159213
830,831,K2-138,K2-138 d,5,5.404780000000001,0.05882999999999999,0.237,183.0,5378.0,0.93,5.1,K1 V,8800967.999999998,8800967999.999998,1.84977e+30,118401.32482090486,11.840132482090485,88.00967999999997,16943.604,2.659488934233244,596.5799999999999,58354392.1159213
831,832,K2-138,K2-138 e,5,8.261439999999999,0.07807,0.294,183.0,5378.0,0.93,5.1,K1 V,11679272.0,11679272000.0,1.84977e+30,102781.2502811897,10.27812502811897,116.79272,21018.647999999997,3.299112855124784,596.5799999999999,58354392.1159213
832,833,K2-138,K2-138 f,5,12.757589999999999,0.1043,0.251,183.0,5378.0,0.93,5.1,K1 V,15603280.0,15603280000.0,1.84977e+30,88922.9438424191,8.89229438424191,156.0328,17944.492,2.816589546382043,596.5799999999999,58354392.1159213
833,834,K2-139,K2-139 b,1,28.38236,0.179,0.8079999999999999,152.0,5340.0,0.92,5.0,K0 V,26778400.0,26778400000.0,1.82988e+30,67512.14551302954,6.751214551302954,267.784,57765.53599999999,9.066949615444983,495.52,48469221.866776176
835,836,K2-140,K2-140 b,1,6.56918,0.0687,1.093,341.6,5705.0,1.0,4.5,G5,10277520.0,10277520000.0,1.989e+30,113615.12306451054,11.361512306451054,102.7752,78140.756,12.265069219902683,1113.616,108928198.61638646
838,839,K2-146,K2-146 b,1,2.644646,0.0266,0.196,86.0,3385.0,0.36,6.3,M3.0 V,3979360.0,3979360000.0,7.1604e+29,109553.1687694295,10.95531687694295,39.7936,14012.432,2.1994085700831896,280.35999999999996,27423375.529886518
843,844,K2-149,K2-149 b,1,11.332,0.083,0.146,118.0,3745.0,0.59,6.1,M1.0 V,12416800.0,12416800000.0,1.1735099999999999e+30,79396.52072186932,7.939652072186933,124.168,10437.831999999999,1.638334955266049,384.67999999999995,37627422.2386815
845,846,K2-150,K2-150 b,1,10.59357,0.0727,0.17800000000000002,110.0,3499.0,0.46,6.2,M2.5 V,10875920.0,10875920000.0,9.1494e+29,74907.65854697951,7.490765854697951,108.7592,12725.576000000001,1.9974220687490192,358.59999999999997,35076410.56148275
846,847,K2-151,K2-151 b,1,3.8355919999999997,0.0365,0.12,62.7,3585.0,0.44,6.1,M1.5 V,5460400.0,5460400000.0,8.7516e+29,103393.78111183834,10.339378111183834,54.604,8579.039999999999,1.3465766755611364,204.402,19993554.020045172
847,848,K2-152,K2-152 b,1,32.6479,0.1716,0.204,108.7,4044.0,0.63,6.0,M0.0 V,25671360.0,25671360000.0,1.25307e+30,57059.26127738302,5.7059261277383015,256.7136,14584.367999999999,2.2891803484539315,354.36199999999997,34661871.163937956
848,849,K2-153,K2-153 b,1,7.515739999999999,0.0614,0.17800000000000002,143.6,3845.0,0.55,6.3,M3.0 V,9185440.0,9185440000.0,1.09395e+30,89127.48893235813,8.912748893235813,91.8544,12725.576000000001,1.9974220687490192,468.13599999999997,45790659.60571748
849,850,K2-154,K2-154 b,2,3.6762599999999996,0.0405,0.17800000000000002,129.8,4097.0,0.65,6.0,M0.0 V,6058800.0,6058800000.0,1.29285e+30,119300.88859770501,11.930088859770501,60.588,12725.576000000001,1.9974220687490192,423.148,41390164.46254966
850,851,K2-154,K2-154 c,2,7.954860000000001,0.0677,0.185,129.8,4097.0,0.65,6.0,M0.0 V,10127920.0,10127920000.0,1.29285e+30,92273.47061796537,9.227347061796538,101.2792,13226.02,2.0759723748234187,423.148,41390164.46254966
886,887,K2-18,K2-18 b,2,32.93963,0.14300000000000002,0.212,34.0,3457.0,0.36,6.25,M2.5 V,21392800.000000004,21392800000.000004,7.1604e+29,47249.55725884661,4.724955725884661,213.92800000000003,15156.304,2.3789521268246743,110.83999999999999,10841799.62809467
963,964,K2-233,K2-233 b,3,2.46746,0.03317,0.125,69.0,4950.0,0.8,5.3,K3,4962232.0,4962232000.0,1.5912e+30,146246.93380730765,14.624693380730765,49.62232,8936.5,1.4026840370428504,224.94,22002475.715839185
964,965,K2-233,K2-233 c,3,7.06142,0.06687,0.11900000000000001,69.0,4950.0,0.8,5.3,K3,10003752.0,10003752000.0,1.5912e+30,103001.56980292642,10.300156980292641,100.03752,8507.548,1.3353552032647937,224.94,22002475.715839185
965,966,K2-233,K2-233 d,3,24.3662,0.1527,0.23600000000000002,69.0,4950.0,0.8,5.3,K3,22843920.0,22843920000.0,1.5912e+30,68161.6330185304,6.81616330185304,228.4392,16872.112,2.6482674619369018,224.94,22002475.715839185
966,967,K2-237,K2-237 b,1,2.18056,0.037000000000000005,1.65,458.0,6257.0,1.28,3.6,F6 V,5535200.000000001,5535200000.000001,2.54592e+30,175153.42519837388,17.51534251983739,55.35200000000001,117961.79999999999,18.515429288965624,1493.08,146045418.5196282
967,968,K2-238,K2-238 b,1,3.20466,0.046,1.3,453.0,5630.0,1.19,4.2,G2 V,6881600.0,6881600000.0,2.3669099999999998e+30,151463.87958249918,15.146387958249917,68.816,92939.6,14.587913985245645,1476.78,144451036.22137898
968,969,K2-239,K2-239 b,3,5.24,0.0441,0.098,49.0,3420.0,0.4,6.3,M3.0 V,6597360.0,6597360000.0,7.956e+29,89686.11519006146,8.968611519006146,65.9736,7006.216,1.0997042850415948,159.73999999999998,15624946.522842318
969,970,K2-239,K2-239 c,3,7.775,0.0576,0.08900000000000001,49.0,3420.0,0.4,6.3,M3.0 V,8616960.0,8616960000.0,7.956e+29,78475.35079130378,7.8475350791303775,86.1696,6362.7880000000005,0.9987110343745096,159.73999999999998,15624946.522842318
970,971,K2-239,K2-239 d,3,10.115,0.0685,0.098,49.0,3420.0,0.4,6.3,M3.0 V,10247600.0,10247600000.0,7.956e+29,71961.33666618721,7.196133666618722,102.476,7006.216,1.0997042850415948,159.73999999999998,15624946.522842318
973,974,K2-240,K2-240 b,2,6.034,0.0513,0.17800000000000002,70.0,3810.0,0.58,6.0,M0.5 V,7674480.0,7674480000.0,1.1536199999999999e+30,100131.29339554837,10.013129339554837,76.7448,12725.576000000001,1.9974220687490192,228.2,22321352.175489027
974,975,K2-240,K2-240 c,2,20.523000000000003,0.1159,0.161,70.0,3810.0,0.58,6.0,M0.5 V,17338640.0,17338640000.0,1.1536199999999999e+30,66617.26376956425,6.661726376956425,173.3864,11510.212,1.8066570397111912,228.2,22321352.175489027
999,1000,K2-260,K2-260 b,1,2.6266657,0.0404,1.5519999999999998,676.32,6367.0,1.39,3.6,F6 V,6043840.0,6043840000.0,2.76471e+30,174675.19201297726,17.467519201297726,60.4384,110955.58399999999,17.415725003924027,2204.8032,215662527.190382
1000,1001,K2-261,K2-261 b,1,11.63344,0.102,0.85,214.58,5537.0,1.1,4.7,G7 IV/V,15259199.999999998,15259199999.999998,2.1879e+30,97793.67536388266,9.779367536388266,152.59199999999998,60768.2,9.538251451891382,699.5308,68424510.71166337
1094,1095,KELT-10,KELT-10 b,1,4.1662739,0.0525,1.399,183.0,5948.0,1.11,4.0,G0 V,7854000.0,7854000000.0,2.20779e+30,136929.28784642776,13.692928784642776,78.54,100017.308,15.698839742583582,596.5799999999999,58354392.1159213
1095,1096,KELT-11,KELT-11 b,1,4.736529,0.06229,1.37,98.0,5370.0,1.44,4.9,G8/K0 IV,9318584.0,9318584000.0,2.86416e+30,143181.3959833903,14.31813959833903,93.18584,97944.04000000001,15.373417045989642,319.47999999999996,31249893.045684636
1097,1098,KELT-14,KELT-14 b,1,1.7100566000000001,0.03005,1.743,266.0,5720.0,1.24,4.4,G4,4495480.0,4495480000.0,2.46636e+30,191294.77862964149,19.129477862964148,44.9548,124610.55600000001,19.55902621252551,867.16,84821138.26685831
1099,1100,KELT-16,KELT-16 b,1,0.9689950999999999,0.02044,1.415,395.26,6236.0,1.21,3.7,F7 V,3057824.0,3057824000.0,2.4066899999999998e+30,229121.97868266562,22.912197868266563,30.57824,101161.18000000001,15.878383299325067,1288.5475999999999,126039109.44119704
1100,1101,KELT-17,KELT-17 b,1,3.0801716,0.04881,1.525,210.0,7454.0,1.64,2.0,A,7301976.0,7301976000.0,3.2619599999999994e+30,172616.39086177264,17.261639086177265,73.01976,109025.29999999999,17.112745251922775,684.5999999999999,66964056.52646707
1101,1102,KELT-18,KELT-18 b,1,2.8717517999999997,0.0455,1.57,311.0,6670.0,1.52,3.4,F4 V,6806800.0,6806800000.0,3.02328e+30,172119.710681824,17.2119710681824,68.068,112242.44,17.617711505258203,1013.8599999999999,99170578.95110126
1102,1103,KELT-19 A,KELT-19 A b,1,4.6117093,0.0637,1.91,292.0,7500.0,1.62,2.8,A8 V,9529520.000000002,9529520000.000002,3.22218e+30,150176.61216814205,15.017661216814204,95.29520000000002,136549.72,21.433012086014756,951.92,93111926.21775423
1104,1105,KELT-20,KELT-20 b,1,3.4741085,0.0542,1.7409999999999999,139.7,8720.0,1.76,2.2,A2 V,8108320.0,8108320000.0,3.50064e+30,169695.84251474656,16.969584251474657,81.0832,124467.57199999999,19.53658326793282,455.4219999999999,44547041.4130831
1105,1106,KELT-21,KELT-21 b,1,3.6127647000000005,0.052239999999999995,1.5859999999999999,415.0,7598.0,1.46,2.8,A8 V,7815103.999999999,7815103999.999999,2.90394e+30,157430.67426754584,15.743067426754584,78.15104,113386.31199999999,17.797255061999685,1352.8999999999999,132333730.75468493
1107,1108,KELT-4 A,KELT-4 A b,1,2.9895932000000003,0.04317,1.699,210.0,6206.0,1.2,3.0,F,6458232.0,6458232000.0,2.3867999999999998e+30,157005.22675416124,15.700522675416124,64.58232,121464.90800000001,19.065281431486426,684.5999999999999,66964056.52646707
1112,1113,KELT-9,KELT-9 b,1,1.4811235,0.03462,1.891,188.7,10170.0,2.52,1.98,B9.5-A0,5179152.0,5179152000.0,5.01228e+30,254068.7496978458,25.40687496978458,51.79152,135191.372,21.219804112384242,615.1619999999999,60171987.93592541
1125,1126,KOI-1257,KOI-1257 b,1,86.647661,0.382,0.94,900.0,5520.0,0.99,4.5,G5 V,57147200.0,57147200000.0,1.96911e+30,47940.26469532257,4.794026469532257,571.472,67202.48,10.548183958562234,2934.0,286988813.6848589
1138,1139,KOI-55,KOI-55 b,2,0.24010399999999998,0.006,0.068,1180.0,27730.0,0.5,1.0,B,897600.0,897600000.0,9.945e+29,271846.5894246573,27.184658942465727,8.976,4861.456,0.7630601161513106,3846.7999999999997,376274222.386815
1139,1140,KOI-55,KOI-55 c,2,0.342887,0.0076,0.077,1180.0,27730.0,0.5,1.0,B,1136960.0,1136960000.0,9.945e+29,241542.03325249872,24.15420332524987,11.3696,5504.884,0.8640533668183958,3846.7999999999997,376274222.386815
1161,1162,Kepler-101,Kepler-101 b,2,3.4876812000000004,0.0474,0.51,657.0,5667.0,1.17,4.3,G3 IV,7091040.0,7091040000.0,2.3271299999999998e+30,147951.12498896578,14.795112498896577,70.9104,36460.92,5.722950871134829,2141.8199999999997,209501833.989947
1162,1163,Kepler-101,Kepler-101 c,2,6.02976,0.0684,0.11199999999999999,657.0,5667.0,1.17,4.3,G3 IV,10232640.0,10232640000.0,2.3271299999999998e+30,123162.75409073682,12.316275409073683,102.3264,8007.103999999999,1.2568048971903938,2141.8199999999997,209501833.989947
1378,1379,Kepler-117,Kepler-117 b,2,18.7959228,0.1445,0.7190000000000001,1430.0,6150.0,1.13,3.8,F8 V,21617200.0,21617200000.0,2.2475699999999998e+30,83275.9910712318,8.327599107123179,216.172,51402.74800000001,8.068238581070476,4661.799999999999,455993337.29927576
1379,1380,Kepler-117,Kepler-117 c,2,50.790391,0.2804,1.101,1430.0,6150.0,1.13,3.8,F8 V,41947840.0,41947840000.0,2.2475699999999998e+30,59781.21381741153,5.978121381741153,419.4784,78712.692,12.354840998273426,4661.799999999999,455993337.29927576
2007,2008,Kepler-1655,Kepler-1655 b,1,11.8728787,0.10300000000000001,0.19699999999999998,230.59,6148.0,1.03,4.0,G0 V,15408800.000000002,15408800000.000002,2.04867e+30,94170.42094956452,9.417042094956452,154.08800000000002,14083.923999999999,2.210630042379532,751.7234,73529722.83065736
2011,2012,Kepler-167,Kepler-167 b,4,4.393163200000001,0.0483,0.14400000000000002,330.0,4890.0,0.77,5.4,K4,7225680.0,7225680000.0,1.53153e+30,118901.21950594115,11.890121950594114,72.2568,10294.848000000002,1.6158920106733639,1075.8,105229231.68444827
2012,2013,Kepler-167,Kepler-167 c,4,7.406114,0.0684,0.138,330.0,4890.0,0.77,5.4,K4,10232640.0,10232640000.0,1.53153e+30,99915.26014841934,9.991526014841934,102.3264,9865.896,1.548563176895307,1075.8,105229231.68444827
2013,2014,Kepler-167,Kepler-167 d,4,21.803855,0.1405,0.107,330.0,4890.0,0.77,5.4,K4,21018800.000000004,21018800000.000004,1.53153e+30,69714.2745151549,6.97142745151549,210.18800000000005,7649.644,1.20069753570868,1075.8,105229231.68444827
2014,2015,Kepler-167,Kepler-167 e,4,1071.2322800000002,1.89,0.9059999999999999,330.0,4890.0,0.77,5.4,K4,282744000.0,282744000000.0,1.53153e+30,19007.67388889726,1.900767388889726,2827.44,64771.75199999999,10.166653900486578,1075.8,105229231.68444827
2022,2023,Kepler-17,Kepler-17 b,1,1.4857108,0.025910000000000002,1.31,800.0,5781.0,1.16,4.2,G2 V,3876136.0000000005,3876136000.0000005,2.3072399999999998e+30,199255.26230392273,19.925526230392272,38.76136,93654.52,14.700128708209073,2608.0,255101167.71987462
2066,2067,Kepler-186,Kepler-186 b,5,3.8867906999999997,0.0343,0.095,172.0,3755.0,0.54,6.1,M1,5131280.0,5131280000.0,1.07406e+30,118158.32658120956,11.815832658120957,51.3128,6791.74,1.0660398681525662,560.7199999999999,54846751.059773035
2067,2068,Kepler-186,Kepler-186 c,5,7.267302000000001,0.0451,0.11199999999999999,172.0,3755.0,0.54,6.1,M1,6746960.0,6746960000.0,1.07406e+30,103044.09770266603,10.304409770266602,67.4696,8007.103999999999,1.2568048971903938,560.7199999999999,54846751.059773035
2068,2069,Kepler-186,Kepler-186 d,5,13.342996,0.0781,0.125,172.0,3755.0,0.54,6.1,M1,11683760.0,11683760000.0,1.07406e+30,78304.34745234971,7.830434745234971,116.8376,8936.5,1.4026840370428504,560.7199999999999,54846751.059773035
2069,2070,Kepler-186,Kepler-186 e,5,22.407704000000003,0.11,0.113,172.0,3755.0,0.54,6.1,M1,16456000.0,16456000000.0,1.07406e+30,65980.41595243393,6.5980415952433935,164.56,8078.5960000000005,1.2680263694867369,560.7199999999999,54846751.059773035
2070,2071,Kepler-186,Kepler-186 f,5,129.9441,0.43200000000000005,0.10400000000000001,172.0,3755.0,0.54,6.1,M1,64627200.00000001,64627200000.00001,1.07406e+30,33294.271620314394,3.3294271620314393,646.272,7435.168000000001,1.1670331188196517,560.7199999999999,54846751.059773035
2137,2138,Kepler-21,Kepler-21 b,1,2.78578,0.042717000000000005,0.146,113.0,6305.0,1.41,3.6,F6 IV,6390463.200000001,6390463200.000001,2.80449e+30,171089.6333944984,17.10896333944984,63.904632000000014,10437.831999999999,1.638334955266049,368.38,36033039.94043229
2163,2164,Kepler-22,Kepler-22 b,1,289.8623,0.8490000000000001,0.212,190.0,5518.0,0.97,4.5,G5 V,127010400.00000001,127010400000.00002,1.92933e+30,31830.72523624321,3.183072523624321,1270.104,15156.304,2.3789521268246743,619.4,60586527.333470225
2287,2288,Kepler-26,Kepler-26 d,4,3.5439190000000003,0.039,0.095,339.0,3914.0,0.54,6.0,M0 V,5834400.0,5834400000.0,1.07406e+30,110810.03400578685,11.081003400578684,58.344,6791.74,1.0660398681525662,1105.1399999999999,108099119.82129686
2288,2289,Kepler-26,Kepler-26 e,4,46.827915000000004,0.22,0.215,339.0,3914.0,0.54,6.0,M0 V,32912000.0,32912000000.0,1.07406e+30,46655.19954547509,4.665519954547508,329.12,15370.78,2.412616543713703,1105.1399999999999,108099119.82129686
2339,2340,Kepler-28,Kepler-28 b,2,5.9123,0.062,0.321,472.0,4590.0,0.75,6.0,M0 V,9275200.0,9275200000.0,1.49175e+30,103573.65414450035,10.357365414450035,92.752,22948.932,3.60209260712604,1538.7199999999998,150509688.954726
2340,2341,Kepler-28,Kepler-28 c,2,8.9858,0.081,0.303,472.0,4590.0,0.75,6.0,M0 V,12117600.0,12117600000.0,1.49175e+30,90615.52980821909,9.061552980821908,121.176,21662.076,3.4001061057918696,1538.7199999999998,150509688.954726
2385,2386,Kepler-296,Kepler-296 b,5,10.864384,0.079,0.14400000000000002,226.0,3740.0,0.5,6.2,M2 V,11818400.0,11818400000.0,9.945e+29,74917.96434032083,7.491796434032083,118.184,10294.848000000002,1.6158920106733639,736.76,72066079.88086458
2386,2387,Kepler-296,Kepler-296 c,5,5.841636599999999,0.0521,0.17800000000000002,226.0,3740.0,0.5,6.2,M2 V,7794160.0,7794160000.0,9.945e+29,92253.0327712195,9.22530327712195,77.9416,12725.576000000001,1.9974220687490192,736.76,72066079.88086458
2387,2388,Kepler-296,Kepler-296 d,5,19.850291,0.11800000000000001,0.18600000000000003,226.0,3740.0,0.5,6.2,M2 V,17652800.0,17652800000.0,9.945e+29,61299.722750147834,6.129972275014784,176.528,13297.512000000002,2.087193847119762,736.76,72066079.88086458
2388,2389,Kepler-296,Kepler-296 e,5,34.142109999999995,0.16899999999999998,0.136,226.0,3740.0,0.5,6.2,M2 V,25282399.999999996,25282399999.999996,9.945e+29,51221.95633894523,5.122195633894523,252.82399999999996,9722.912,1.5261202323026213,736.76,72066079.88086458
2389,2390,Kepler-296,Kepler-296 f,5,63.33626999999999,0.255,0.161,226.0,3740.0,0.5,6.2,M2 V,38148000.0,38148000000.0,9.945e+29,41699.36328525559,4.169936328525559,381.48,11510.212,1.8066570397111912,736.76,72066079.88086458
2453,2454,Kepler-32,Kepler-32 b,5,5.9012400000000005,0.05,0.196,303.0,3900.0,0.58,6.1,M1 V,7480000.0,7480000000.0,1.1536199999999999e+30,101424.64735412734,10.142464735412734,74.8,14012.432,2.1994085700831896,987.78,96619567.2739025
2454,2455,Kepler-32,Kepler-32 c,5,8.7522,0.09,0.17800000000000002,303.0,3900.0,0.58,6.1,M1 V,13464000.0,13464000000.0,1.1536199999999999e+30,75597.46869259098,7.559746869259098,134.64,12725.576000000001,1.9974220687490192,987.78,96619567.2739025
2455,2456,Kepler-32,Kepler-32 d,5,22.7802,0.13,0.24100000000000002,303.0,3900.0,0.58,6.1,M1 V,19448000.0,19448000000.0,1.1536199999999999e+30,62900.896076866244,6.290089607686625,194.48,17229.572,2.7043748234186156,987.78,96619567.2739025
2456,2457,Kepler-32,Kepler-32 e,5,2.8960000000000004,0.033,0.134,303.0,3900.0,0.58,6.1,M1 V,4936800.0,4936800000.0,1.1536199999999999e+30,124845.11064872569,12.484511064872569,49.368,9579.928,1.5036772877099356,987.78,96619567.2739025
2457,2458,Kepler-32,Kepler-32 f,5,0.7429600000000001,0.013000000000000001,0.073,303.0,3900.0,0.58,6.1,M1 V,1944800.0000000002,1944800000.0000002,1.1536199999999999e+30,198910.09846844696,19.891009846844696,19.448000000000004,5218.915999999999,0.8191674776330246,987.78,96619567.2739025
2613,2614,Kepler-38,Kepler-38 b,1,105.59899999999999,0.4632,0.384,600.0,5623.0,0.94,4.4,G4 V,69294720.0,69294720000.0,1.8696599999999998e+30,42422.29534397603,4.2422295343976035,692.9472,27452.928,4.309045361795636,1955.9999999999998,191325875.7899059
2634,2635,Kepler-39,Kepler-39 b,1,21.08721,0.16399999999999998,1.24,1200.0,6350.0,1.29,3.7,F7 V,24534399.999999996,24534399999.999996,2.56581e+30,83519.41483996787,8.351941483996786,245.34399999999997,88650.08,13.914625647465076,3911.9999999999995,382651751.5798118
2658,2659,Kepler-40,Kepler-40 b,1,6.873489999999999,0.08,1.17,2700.0,6510.0,1.48,3.5,F5 IV,11968000.0,11968000000.0,2.94372e+30,128085.62033407042,12.808562033407043,119.68,83645.64,13.12912258672108,8802.0,860966441.0545769
2681,2682,Kepler-41,Kepler-41 b,1,1.8555582,0.031010000000000003,1.29,770.0,5750.0,1.15,4.2,G2 V,4639096.0,4639096000.0,2.2873499999999998e+30,181347.90750711816,18.134790750711815,46.39096,92224.68000000001,14.475699262282218,2510.2,245534873.93037933
2685,2686,Kepler-412,Kepler-412 b,1,1.7208603999999998,0.02897,1.341,1056.0,5750.0,1.17,4.3,G3 V,4333912.0,4333912000.0,2.3271299999999998e+30,189248.8264275418,18.924882642754177,43.33912,95870.772,15.0479943493957,3442.56,336733541.3902345
2698,2699,Kepler-42,Kepler-42 b,3,1.2137672,0.0116,0.07,38.7,3068.0,0.13,6.0,M,1735359.9999999998,1735359999.9999998,2.5857e+29,99691.2848383813,9.96912848383813,17.353599999999997,5004.4400000000005,0.7855030607439963,126.162,12340518.988448933
2699,2700,Kepler-42,Kepler-42 c,3,0.45328509,0.006,0.065,38.7,3068.0,0.13,6.0,M,897600.0,897600000.0,2.5857e+29,138615.10641799733,13.861510641799732,8.976,4646.9800000000005,0.7293956992622823,126.162,12340518.988448933
2700,2701,Kepler-42,Kepler-42 d,3,1.8651689999999999,0.0154,0.051,38.7,3068.0,0.13,6.0,M,2303840.0,2303840000.0,2.5857e+29,86521.85609459791,8.65218560945979,23.0384,3646.0919999999996,0.5722950871134829,126.162,12340518.988448933
2701,2702,Kepler-421,Kepler-421 b,1,704.1984,1.219,0.371,320.0,5308.0,0.79,4.95,G9/K0,182362400.0,182362400000.0,1.57131e+30,23973.21082061689,2.397321082061689,1823.624,26523.532,4.16316622194318,1043.1999999999998,102040467.08794981
2703,2704,Kepler-423,Kepler-423 b,1,2.6843285,0.03585,1.192,725.0,5560.0,0.85,4.4,G4 V,5363160.0,5363160000.0,1.6906499999999997e+30,145003.80367776356,14.500380367776355,53.6316,85218.46399999999,13.375994977240621,2363.5,231185433.24613637
2706,2707,Kepler-425,Kepler-425 b,1,3.79701816,0.0464,0.978,650.0,5170.0,0.93,5.1,K1 V,6941439.999999999,6941439999.999999,1.84977e+30,133320.5190338477,13.33205190338477,69.41439999999999,69919.17599999999,10.974599905823261,2119.0,207269698.7723981
2707,2708,Kepler-426,Kepler-426 b,1,3.21751883,0.0414,1.09,880.0,5725.0,0.91,4.1,G1 V,6193440.0,6193440000.0,1.80999e+30,139615.9505083987,13.96159505083987,61.9344,77926.28,12.231404803013655,2868.7999999999997,280611284.491862
2708,2709,Kepler-427,Kepler-427 b,1,10.290994,0.091,1.23,1100.0,5800.0,0.96,4.2,G2 V,13613600.0,13613600000.0,1.90944e+30,96722.9273508855,9.672292735088549,136.136,87935.16,13.802410924501649,3585.9999999999995,350764105.6148275
2709,2710,Kepler-428,Kepler-428 b,1,3.52563254,0.0433,1.08,720.0,5150.0,0.87,5.1,K1 V,6477680.0,6477680000.0,1.7304299999999998e+30,133484.30046845038,13.348430046845039,64.7768,77211.36,12.119190080050227,2347.2,229591050.94788712
2710,2711,Kepler-43,Kepler-43 b,1,3.0240949,0.046,1.219,1950.0,6041.0,1.32,3.8,F8 V,6881600.0,6881600000.0,2.62548e+30,159522.72565374503,15.952272565374503,68.816,87148.748,13.678974729241878,6357.0,621809096.3171943
2726,2727,Kepler-44,Kepler-44 b,1,3.2467292999999997,0.0446,1.09,2250.0,5800.0,1.12,4.2,G2 IV,6672160.0,6672160000.0,2.22768e+30,149229.984451096,14.9229984451096,66.7216,77926.28,12.231404803013655,7334.999999999999,717472034.2121472
2731,2732,Kepler-444,Kepler-444 b,5,3.6001053,0.04178,0.036000000000000004,35.7,5046.0,0.76,5.0,K,6250288.0,6250288000.0,1.51164e+30,127009.75844973327,12.700975844973327,62.50288,2573.7120000000004,0.40397300266834096,116.382,11383889.609499404
2732,2733,Kepler-444,Kepler-444 c,5,4.545884099999999,0.04881,0.044000000000000004,35.7,5046.0,0.76,5.0,K,7301976.0,7301976000.0,1.51164e+30,117507.85645646714,11.750785645646713,73.01976,3145.648,0.49374478103908337,116.382,11383889.609499404
2733,2734,Kepler-444,Kepler-444 d,5,6.189392,0.06,0.047,35.7,5046.0,0.76,5.0,K,8976000.0,8976000000.0,1.51164e+30,105985.31201839415,10.598531201839416,89.76,3360.124,0.5274091979281117,116.382,11383889.609499404
2734,2735,Kepler-444,Kepler-444 e,5,7.743492999999999,0.0696,0.049,35.7,5046.0,0.76,5.0,K,10412160.0,10412160000.0,1.51164e+30,98404.89178528031,9.840489178528031,104.1216,3503.108,0.5498521425207974,116.382,11383889.609499404
2735,2736,Kepler-444,Kepler-444 f,5,9.740486,0.0811,0.066,35.7,5046.0,0.76,5.0,K,12132560.0,12132560000.0,1.51164e+30,91161.37787736862,9.116137787736863,121.3256,4718.472000000001,0.7406171715586252,116.382,11383889.609499404
2742,2743,Kepler-447,Kepler-447 b,1,7.79430132,0.0769,1.65,283.0,5493.0,1.0,4.8,G8 V,11504240.0,11504240000.0,1.989e+30,107386.90898256586,10.738690898256586,115.0424,117961.79999999999,18.515429288965624,922.5799999999999,90242038.08090563
2745,2746,Kepler-45,Kepler-45 b,1,2.4552389999999997,0.03,0.96,333.0,3820.0,0.59,6.0,M,4488000.0,4488000000.0,1.1735099999999999e+30,132062.61428166978,13.206261428166979,44.88,68632.31999999999,10.77261340448909,1085.58,106185861.06339781
2749,2750,Kepler-452,Kepler-452 b,1,384.843,1.046,0.145,548.0,5757.0,1.04,4.2,G2,156481600.0,156481600000.0,2.06856e+30,29693.769922130523,2.969376992213052,1564.816,10366.34,1.6271134829697065,1786.4799999999998,174744299.8881141
2862,2863,Kepler-539,Kepler-539 b,2,125.63243,0.4988,0.747,313.0,5820.0,1.05,4.2,G2 V,74620480.0,74620480000.0,2.08845e+30,43206.18679271545,4.320618679271545,746.2048,53404.524,8.382439805368074,1020.3799999999999,99808331.87040092
2976,2977,Kepler-62,Kepler-62 b,5,5.714932,0.0553,0.11699999999999999,368.0,4925.0,0.69,5.2,K2 V,8272880.0,8272880000.0,1.37241e+30,105190.49322632769,10.51904932263277,82.7288,8364.564,1.312912258672108,1199.6799999999998,117346537.15114228
2977,2978,Kepler-62,Kepler-62 c,5,12.4417,0.0929,0.048,368.0,4925.0,0.69,5.2,K2 V,13897840.0,13897840000.0,1.37241e+30,81157.97460002435,8.115797460002435,138.9784,3431.616,0.5386306702244545,1199.6799999999998,117346537.15114228
2978,2979,Kepler-62,Kepler-62 d,5,18.16406,0.12,0.174,368.0,4925.0,0.69,5.2,K2 V,17952000.0,17952000000.0,1.37241e+30,71408.25725744505,7.140825725744505,179.52,12439.607999999998,1.9525361795636476,1199.6799999999998,117346537.15114228
2979,2980,Kepler-62,Kepler-62 e,5,122.3874,0.42700000000000005,0.14400000000000002,368.0,4925.0,0.69,5.2,K2 V,63879200.00000001,63879200000.00001,1.37241e+30,37855.16291856671,3.785516291856671,638.792,10294.848000000002,1.6158920106733639,1199.6799999999998,117346537.15114228
2980,2981,Kepler-62,Kepler-62 f,5,267.291,0.718,0.126,368.0,4925.0,0.69,5.2,K2 V,107412800.0,107412800000.0,1.37241e+30,29192.872802906968,2.9192872802906966,1074.128,9007.992,1.4139055093391932,1199.6799999999998,117346537.15114228
3027,3028,Kepler-66,Kepler-66 b,1,17.815815,0.1352,0.25,1107.0,5962.0,1.04,4.0,G0 V,20225919.999999996,20225919999.999996,2.06856e+30,82592.92287533425,8.259292287533425,202.25919999999996,17873.0,2.8053680740857008,3608.8199999999997,352996240.8323764
3038,3039,Kepler-67,Kepler-67 b,1,15.7259,0.1171,0.262,1107.0,5331.0,0.86,4.9,G9 V,17518160.0,17518160000.0,1.7105399999999998e+30,80702.18434966642,8.070218434966643,175.1816,18730.904000000002,2.940025741641815,3608.8199999999997,352996240.8323764
3062,3063,Kepler-69,Kepler-69 b,2,13.722341,0.094,0.2,584.0,5638.0,0.81,4.4,G4 V,14062400.0,14062400000.0,1.61109e+30,87416.43564286354,8.741643564286354,140.624,14298.400000000001,2.244294459268561,1903.84,186223852.43550846
3063,3064,Kepler-69,Kepler-69 c,2,242.4613,0.64,0.153,584.0,5638.0,0.81,4.4,G4 V,95744000.0,95744000000.0,1.61109e+30,33501.71457196428,3.350171457196428,957.44,10938.276,1.7168852613404488,1903.84,186223852.43550846
3118,3119,Kepler-74,Kepler-74 b,1,7.340711,0.0781,0.96,1330.0,6000.0,1.18,3.8,F8 V,11683760.0,11683760000.0,2.3470199999999998e+30,115752.39841789378,11.575239841789378,116.8376,68632.31999999999,10.77261340448909,4335.799999999999,424105691.33429146
3129,3130,Kepler-75,Kepler-75 b,1,8.884911599999999,0.0818,1.05,1140.0,5200.0,0.91,5.0,K0 V,12237280.0,12237280000.0,1.80999e+30,99324.99596422879,9.932499596422879,122.3728,75066.6,11.782545911159945,3716.3999999999996,363519164.00082123
3145,3146,Kepler-76,Kepler-76 b,1,1.5449298,0.0274,1.36,844.0,6409.0,1.2,3.0,F,4099040.0,4099040000.0,2.3867999999999998e+30,197074.2368014717,19.70742368014717,40.9904,97229.12000000001,15.261202323026215,2751.4399999999996,269131731.94446766
3158,3159,Kepler-77,Kepler-77 b,1,3.57878087,0.04501,0.96,570.0,5520.0,0.95,4.5,G5 V,6733496.0,6733496000.0,1.8895499999999999e+30,136811.24905780386,13.681124905780386,67.33496,68632.31999999999,10.77261340448909,1858.1999999999998,181759582.00041062
3197,3198,Kepler-80,Kepler-80 b,6,7.052460000000001,0.0648,0.23800000000000002,357.0,4540.0,0.73,5.5,K5,9694080.0,9694080000.0,1.45197e+30,99951.29811537964,9.995129811537964,96.9408,17015.096,2.6707104065295875,1163.82,113838896.09499405
3198,3199,Kepler-80,Kepler-80 c,6,9.52355,0.0792,0.244,357.0,4540.0,0.73,5.5,K5,11848320.000000002,11848320000.000002,1.45197e+30,90409.35086118302,9.040935086118301,118.48320000000002,17444.048,2.7380392403076437,1163.82,113838896.09499405
3199,3200,Kepler-80,Kepler-80 d,6,3.07222,0.0372,0.136,357.0,4540.0,0.73,5.5,K5,5565120.0,5565120000.0,1.45197e+30,131918.12560133685,13.191812560133686,55.6512,9722.912,1.5261202323026213,1163.82,113838896.09499405
3200,3201,Kepler-80,Kepler-80 e,6,4.64489,0.0491,0.14300000000000002,357.0,4540.0,0.73,5.5,K5,7345360.0,7345360000.0,1.45197e+30,114824.66730385275,11.482466730385275,73.4536,10223.356000000002,1.6046705383770212,1163.82,113838896.09499405
3201,3202,Kepler-80,Kepler-80 f,6,0.9867872999999999,0.0175,0.10800000000000001,357.0,4540.0,0.73,5.5,K5,2618000.0000000005,2618000000.0000005,1.45197e+30,192334.37806854234,19.233437806854234,26.180000000000003,7721.136000000001,1.211919008005023,1163.82,113838896.09499405
3341,3342,Kepler-91,Kepler-91 b,1,6.246580000000001,0.0731,1.367,1030.0,4550.0,1.31,5.3,K3,10935760.0,10935760000.0,2.60559e+30,126064.11261730599,12.6064112617306,109.3576,97729.564,15.339752629100612,3357.7999999999997,328442753.4393385
3452,3453,LHS 1140,LHS 1140 b,1,24.73712,0.0875,0.128,12.47,3131.0,0.15,6.45,M4.5 V,13090000.0,13090000000.0,2.9834999999999998e+29,38990.25852363972,3.8990258523639723,130.9,9150.976,1.436348453931879,40.6522,3976389.451833545
3456,3457,MASCARA-1,MASCARA-1 b,1,2.14878,0.043,1.5,188.7,7554.0,1.72,2.8,A8,6432799.999999999,6432799999.999999,3.4210799999999995e+30,188340.84189912907,18.834084189912907,64.32799999999999,107238.0,16.832208444514205,615.1619999999999,60171987.93592541
3485,3486,NGTS-1,NGTS-1 b,1,2.647298,0.0326,1.33,224.0,3916.0,0.62,6.0,M0.5,4876960.0,4876960000.0,1.23318e+30,129867.82181639604,12.986782181639605,48.7696,95084.36,14.924558154135928,730.24,71428326.96156488
3486,3487,NGTS-3 A,NGTS-3 A b,1,1.6753727999999999,0.023,1.48,1010.0,5600.0,1.02,4.6,G6 V,3440800.0,3440800000.0,2.02878e+30,198312.76949670826,19.831276949670826,34.408,105808.16,16.60777899858735,3292.6,322065224.2463417
3534,3535,OGLE-TR-113,OGLE-TR-113 b,1,1.4324752,0.02289,1.093,600.0,4790.0,0.78,5.4,K4 V,3424344.0,3424344000.0,1.55142e+30,173835.67839635792,17.38356783963579,34.24344,78140.756,12.265069219902683,1955.9999999999998,191325875.7899059
3535,3536,OGLE-TR-132,OGLE-TR-132 b,1,1.689868,0.03035,1.2,2500.0,6210.0,1.3,3.5,F5 V,4540360.0,4540360000.0,2.5857e+30,194897.7566312992,19.489775663129922,45.4036,85790.4,13.465766755611362,8149.999999999999,797191149.1246079
3540,3541,PH1,PH1 b,1,138.317,0.652,0.551,1000.0,6407.0,1.53,3.0,F,97539200.0,97539200000.0,3.04317e+30,45618.01979242948,4.561801979242948,975.392,39392.092000000004,6.1830312352848855,3260.0,318876459.6498433
3542,3543,POTS-1,POTS-1 b,1,3.1606296,0.03734,0.941,1200.0,4400.0,0.69,5.5,K5 V,5586064.0,5586064000.0,1.37241e+30,128012.35886052254,12.801235886052254,55.86064,67273.972,10.559405430858577,3911.9999999999995,382651751.5798118
3582,3583,TrES-3,TrES-3 b,1,1.30618581,0.02282,1.3359999999999999,228.0,5650.0,0.93,4.4,G4 V,3413872.0,3413872000.0,1.84977e+30,190107.025176432,19.0107025176432,34.13872,95513.31199999999,14.991886987913984,743.28,72703832.80016427
3593,3594,WASP-10,WASP-10 b,1,3.0927616,0.03781,1.08,90.0,4675.0,0.75,5.5,K5 V,5656376.000000001,5656376000.000001,1.49175e+30,132630.0107330941,13.26300107330941,56.56376000000001,77211.36,12.119190080050227,293.4,28698881.36848589
3596,3597,WASP-103,WASP-103 b,1,0.925542,0.01985,1.528,470.0,6110.0,1.22,3.8,F8 V,2969560.0,2969560000.0,2.4265799999999998e+30,233460.90867247398,23.346090867247398,29.6956,109239.776,17.146409668811803,1532.1999999999998,149871936.0354263
3597,3598,WASP-104,WASP-104 b,1,1.7554136999999999,0.02918,1.137,143.0,5475.0,1.08,4.8,G8,4365328.0,4365328000.0,2.14812e+30,181168.94099949207,18.116894099949207,43.65328,81286.404,12.758814000941767,466.17999999999995,45599333.729927585
3602,3603,WASP-113,WASP-113 b,1,4.54216875,0.05885,1.409,360.0,5890.0,1.32,4.1,G1,8803960.0,8803960000.0,2.62548e+30,141035.4354503729,14.10354354503729,88.0396,100732.228,15.811054465547011,1173.6,114795525.47394356
3603,3604,WASP-114,WASP-114 b,1,1.5487743,0.02851,1.339,460.0,5940.0,1.29,4.0,G0,4265096.0,4265096000.0,2.56581e+30,200313.74859540528,20.031374859540527,42.65096,95727.788,15.025551404803014,1499.6,146683171.4389279
3606,3607,WASP-119,WASP-119 b,1,2.49979,0.0363,1.4,333.0,5650.0,1.02,4.5,G5,5430480.0,5430480000.0,2.02878e+30,157856.06954663558,15.785606954663558,54.3048,100088.79999999999,15.710061214879923,1085.58,106185861.06339781
3608,3609,WASP-120,WASP-120 b,1,3.6112705999999997,0.0514,1.473,437.0,6450.0,1.39,3.5,F5,7689440.0,7689440000.0,2.76471e+30,154860.39133029254,15.486039133029253,76.8944,105307.716,16.529228692512948,1424.62,139349012.86698148
3609,3610,WASP-121,WASP-121 b,1,1.2749255,0.02544,1.865,270.0,6459.0,1.35,3.6,F6 V,3805824.0,3805824000.0,2.68515e+30,216931.61152318167,21.693161152318165,38.05824,133332.58,20.928045832679327,880.1999999999999,86096644.10545766
3610,3611,WASP-123,WASP-123 b,1,2.9776412,0.04263,1.318,214.0,5740.0,1.17,4.5,G5,6377448.0,6377448000.0,2.3271299999999998e+30,156009.04426472625,15.600904426472626,63.77448,94226.456,14.789900486579816,697.64,68239562.36506645
3611,3612,WASP-124,WASP-124 b,1,3.37265,0.0449,1.24,433.0,6050.0,1.07,3.9,F9,6717040.0,6717040000.0,2.12823e+30,145372.82500748904,14.537282500748903,67.1704,88650.08,13.914625647465076,1411.58,138073507.02838212
3612,3613,WASP-126,WASP-126 b,1,3.2888,0.0449,0.96,234.0,5800.0,1.12,4.2,G2,6717040.0,6717040000.0,2.22768e+30,148730.6077541935,14.87306077541935,67.1704,68632.31999999999,10.77261340448909,762.8399999999999,74617091.55806331
3614,3615,WASP-129,WASP-129 b,1,5.748145,0.0628,0.93,246.0,5900.0,1.0,4.1,G1,9394880.0,9394880000.0,1.989e+30,118832.35114250003,11.883235114250004,93.9488,66487.56,10.435969235598806,801.9599999999999,78443609.07386144
3616,3617,WASP-130,WASP-130 b,1,11.550980000000001,0.1012,0.89,180.0,5625.0,1.04,4.6,G6,15139520.0,15139520000.0,2.06856e+30,95464.28521738439,9.546428521738438,151.3952,63627.88,9.987110343745094,586.8,57397762.73697178
3617,3618,WASP-131,WASP-131 b,1,5.322023000000001,0.0607,1.22,250.0,6030.0,1.06,4.0,G0,9080720.0,9080720000.0,2.10834e+30,124443.75262050031,12.44437526205003,90.8072,87220.24,13.690196201538221,815.0,79719114.91246082
3618,3619,WASP-132,WASP-132 b,1,7.133521000000001,0.067,0.87,120.0,4775.0,0.8,5.4,K4,10023200.0,10023200000.0,1.5912e+30,102901.59438776494,10.290159438776493,100.232,62198.04,9.762680897818239,391.2,38265175.15798119
3619,3620,WASP-133,WASP-133 b,1,2.1764229999999998,0.0345,1.21,547.0,5700.0,1.16,4.4,G4,5161200.0,5161200000.0,2.3072399999999998e+30,172676.78688020786,17.267678688020787,51.612,86505.31999999999,13.577981478574792,1783.2199999999998,174425423.42846423
3620,3621,WASP-135,WASP-135 b,1,1.4013794,0.0243,1.3,300.0,5675.0,0.98,4.5,G5 V,3635280.0,3635280000.0,1.94922e+30,189114.31883711394,18.911431883711394,36.3528,92939.6,14.587913985245645,977.9999999999999,95662937.89495295
3623,3624,WASP-139,WASP-139 b,1,5.924262000000001,0.062,0.8,230.0,5310.0,0.92,5.0,K0,9275200.0,9275200000.0,1.82988e+30,114712.98494484402,11.471298494484403,92.752,57193.600000000006,8.977177837074244,749.8,73341585.71946394
3625,3626,WASP-140,WASP-140 b,1,2.2359835,0.0323,1.44,180.0,5260.0,0.9,5.0,K0,4832080.0,4832080000.0,1.7901e+30,157193.47156774087,15.719347156774086,48.3208,102948.48,16.158920106733635,586.8,57397762.73697178
3626,3627,WASP-141,WASP-141 b,1,3.310651,0.0469,1.21,570.0,5900.0,1.25,3.9,F9,7016240.0,7016240000.0,2.48625e+30,153738.66194797517,15.373866194797516,70.1624,86505.31999999999,13.577981478574792,1858.1999999999998,181759582.00041062
3627,3628,WASP-142,WASP-142 b,1,2.052868,0.0347,1.53,840.0,6010.0,1.33,3.8,F8,5191120.0,5191120000.0,2.64537e+30,184363.77617334132,18.43637761733413,51.9112,109382.76,17.16885261340449,2738.3999999999996,267856226.10586828
3630,3631,WASP-153,WASP-153 b,1,3.3326089999999997,0.048,1.55,430.0,5914.0,1.34,4.0,G0,7180800.0,7180800000.0,2.66526e+30,157342.58908798054,15.734258908798054,71.808,110812.6,17.393282059331344,1401.8,137116877.6494326
3631,3632,WASP-156,WASP-156 b,1,3.8361690000000004,0.0453,0.51,140.0,4910.0,0.84,5.3,K3,6776880.0,6776880000.0,1.6707599999999997e+30,128234.55049164909,12.82345504916491,67.7688,36460.92,5.722950871134829,456.4,44642704.350978054
3634,3635,WASP-167,WASP-167 b,1,2.0219596,0.0365,1.58,381.0,7000.0,1.59,3.1,F1 V,5460400.0,5460400000.0,3.16251e+30,196547.10062637055,19.654710062637054,54.604,112957.36,17.72992622822163,1242.06,121491931.12659028
3637,3638,WASP-19,WASP-19 b,1,0.78883899,0.01634,1.392,250.0,5568.0,0.9,4.8,G8 V,2444464.0,2444464000.0,1.7901e+30,221008.88847741907,22.100888847741906,24.44464,99516.86399999999,15.62028943650918,815.0,79719114.91246082
3638,3639,WASP-2,WASP-2 b,1,2.1522259999999998,0.03138,1.071,166.0,5200.0,0.89,5.1,K1 V,4694448.0,4694448000.0,1.77021e+30,158592.6461466141,15.859264614661411,46.94448,76567.932,12.018196829383143,541.16,52933492.30187398
3639,3640,WASP-20,WASP-20 b,1,4.899628400000001,0.06,1.462,210.0,5940.0,1.2,3.9,F9,8976000.0,8976000000.0,2.3867999999999998e+30,133177.0864812576,13.31770864812576,89.76,104521.304,16.40579249725318,684.5999999999999,66964056.52646707
3640,3641,WASP-21,WASP-21 b,1,4.322482,0.052000000000000005,1.07,242.0,5800.0,0.89,4.3,G3 V,7779200.000000001,7779200000.000001,1.77021e+30,123199.18738663527,12.319918738663526,77.79200000000002,76496.44,12.0069753570868,788.92,77168103.23526207
3646,3647,WASP-28,WASP-28 b,1,3.4088300000000005,0.04469,1.213,410.0,6150.0,1.02,3.8,F8,6685624.0,6685624000.0,2.02878e+30,142268.7187393626,14.226871873936261,66.85624,86719.796,13.611645895463822,1336.6,130739348.45643574
3662,3663,WASP-43,WASP-43 b,1,0.813475,0.0142,0.93,80.0,4400.0,0.58,5.7,K7 V,2124320.0,2124320000.0,1.1536199999999999e+30,190319.95938371978,19.031995938371978,21.2432,66487.56,10.435969235598806,260.79999999999995,25510116.771987453
3672,3673,WASP-5,WASP-5 b,1,1.6284279,0.0267,1.087,300.0,5700.0,0.96,4.4,G4 V,3994320.0,3994320000.0,1.90944e+30,178564.24325249172,17.856424325249172,39.9432,77711.804,12.197740386124627,977.9999999999999,95662937.89495295
3674,3675,WASP-52,WASP-52 b,1,1.7497798,0.0272,1.27,140.0,5000.0,0.87,5.2,K2 V,4069120.0,4069120000.0,1.7304299999999998e+30,168418.45773275627,16.841845773275626,40.6912,90794.84,14.251269816355359,456.4,44642704.350978054
3680,3681,WASP-57,WASP-57 b,1,2.83891856,0.037689999999999994,1.05,455.0,5600.0,0.89,4.6,G6,5638423.999999999,5638423999.999999,1.77021e+30,144709.3012103029,14.470930121030289,56.38423999999999,75066.6,11.782545911159945,1483.3,145088789.14067867
3682,3683,WASP-59,WASP-59 b,1,7.9195850000000005,0.0697,0.775,125.0,4650.0,0.72,5.5,K5 V,10427120.0,10427120000.0,1.43208e+30,95711.5547288903,9.57115547288903,104.2712,55406.3,8.696641029665672,407.5,39859557.45623041
3688,3689,WASP-64,WASP-64 b,1,1.5732918,0.02648,1.271,350.0,5400.0,1.0,4.7,G7,3961408.0,3961408000.0,1.989e+30,183001.86738413558,18.300186738413558,39.61408,90866.332,14.262491288651702,1141.0,111606760.87744513
3689,3690,WASP-65,WASP-65 b,1,2.3114242999999997,0.0334,1.112,310.0,5600.0,0.93,4.6,G6,4996640.0,4996640000.0,1.84977e+30,157138.55407543652,15.713855407543653,49.9664,79499.104,12.478277193533199,1010.5999999999999,98851702.49145141
3695,3696,WASP-70 A,WASP-70 A b,1,3.7130203,0.048530000000000004,1.1640000000000001,245.0,5763.0,1.11,4.4,G4,7260088.000000001,7260088000.000001,2.20779e+30,142419.95869937888,14.241995869937888,72.60088,83216.68800000001,13.061793752943025,798.6999999999999,78124732.61421159
3700,3701,WASP-75,WASP-75 b,1,2.484193,0.0375,1.27,260.0,6100.0,1.14,3.9,F9,5610000.0,5610000000.0,2.2674599999999998e+30,164191.73935593493,16.41917393559349,56.1,90794.84,14.251269816355359,847.5999999999999,82907879.50895923
3701,3702,WASP-76,WASP-76 b,1,1.809886,0.033,1.83,120.0,6250.0,1.46,3.7,F7,4936800.0,4936800000.0,2.90394e+30,198076.96350427624,19.807696350427623,49.368,130830.36,20.53529430230733,391.2,38265175.15798119
3707,3708,WASP-80,WASP-80 b,1,3.06785234,0.0344,0.9990000000000001,60.0,4143.0,0.58,5.7,K7 V,5146240.0,5146240000.0,1.1536199999999999e+30,122278.27044423297,12.227827044423297,51.4624,71420.508,11.210250824046462,195.6,19132587.578990594
3710,3711,WASP-83,WASP-83 b,1,4.971252,0.059000000000000004,1.04,300.0,5510.0,1.11,4.8,G8,8826400.0,8826400000.0,2.20779e+30,129166.53080828549,12.91665308082855,88.264,74351.68000000001,11.670331188196517,977.9999999999999,95662937.89495295
3711,3712,WASP-84,WASP-84 b,1,8.5234865,0.0771,0.9420000000000001,125.0,5314.0,0.84,5.0,K0,11534160.0,11534160000.0,1.6707599999999997e+30,98293.99027884714,9.829399027884714,115.3416,67345.464,10.570626903154922,407.5,39859557.45623041
3715,3716,WASP-90,WASP-90 b,1,3.916243,0.0562,1.63,340.0,6430.0,1.55,3.6,F6,8407520.0,8407520000.0,3.08295e+30,156391.160758457,15.6391160758457,84.0752,116531.95999999999,18.29099984303877,1108.3999999999999,108417996.28094669
3716,3717,WASP-91,WASP-91 b,1,2.798581,0.037000000000000005,1.03,150.72,4920.0,0.84,5.3,K3,5535200.000000001,5535200000.000001,1.6707599999999997e+30,141890.49139357978,14.189049139357978,55.35200000000001,73636.76,11.558116465233086,491.3472,48061059.99842438
3717,3718,WASP-92,WASP-92 b,1,2.1746742,0.0348,1.4609999999999999,530.0,6280.0,1.19,3.7,F7,5206080.0,5206080000.0,2.3669099999999998e+30,174139.93197739255,17.413993197739256,52.0608,104449.81199999999,16.394571024956836,1727.8,169004523.61441693
3718,3719,WASP-93,WASP-93 b,1,2.7325321,0.04211,1.597,250.0,6700.0,1.33,3.4,F4,6299656.0,6299656000.0,2.64537e+30,167358.4756522321,16.73584756522321,62.99656,114172.724,17.920691257259456,815.0,79719114.91246082
3728,3729,WTS-1,WTS-1 b,1,3.352057,0.047,1.49,3200.0,6250.0,1.2,3.6,F6 V,7031200.0,7031200000.0,2.3867999999999998e+30,150472.17752427683,15.047217752427683,70.312,106523.08,16.71999372155078,10432.0,1020404670.8794985
3729,3730,WTS-2,WTS-2 b,1,1.0187068000000001,0.01855,1.3630000000000002,1000.0,5000.0,0.82,5.2,K2 V,2775080.0,2775080000.0,1.6309799999999997e+30,197992.83807857597,19.799283807857595,27.7508,97443.59600000002,15.294866739915244,3260.0,318876459.6498433
3734,3735,XO-2 N,XO-2 N b,1,2.61585922,0.03673,1.0190000000000001,145.5,5332.0,0.97,5.0,K0 V,5494808.0,5494808000.0,1.92933e+30,153034.6993705829,15.30346993705829,54.94808,72850.34800000001,11.434680269973319,474.33,46396524.8790522
3739,3740,XO-5,XO-5 b,1,4.1877558,0.0515,1.14,260.0,5430.0,1.04,4.8,G8 V,7704400.0,7704400000.0,2.06856e+30,133822.0156114548,13.382201561145479,77.044,81500.87999999999,12.792478417830795,847.5999999999999,82907879.50895923
3740,3741,XO-6,XO-6 b,1,3.7650007000000003,0.0815,2.07,232.72,6720.0,1.47,3.5,F5,12192400.0,12192400000.0,2.92383e+30,126471.99659621896,12.647199659621895,121.924,147988.44,23.228447653429605,758.6672,74208929.68971153
